steamID,appID,name,time
76561198030000465,33230,Assassin's Creed II,35.43
76561198030000465,42700,Call of Duty: Black Ops,30.95
76561198030000465,42710,Call of Duty: Black Ops - Multiplayer,45.10
76561198030000465,620,Portal 2,22.13
76561198030000465,730,Counter-Strike: Global Offensive,2742.93
76561198030000465,218230,PlanetSide 2,821.82
76561198030000465,238960,Path of Exile,2239.13
76561198030000465,252950,Rocket League,674.62
76561198030000465,291480,Warface,55.82
76561198030000465,227940,Heroes & Generals,12.90
76561198030000465,333930,Dirty Bomb,15.85
76561198030000465,346900,AdVenture Capitalist,226.63
76561198030000465,363970,Clicker Heroes,954.65
76561198030000465,444090,Paladins,33.22
76561198030000465,588430,Fallout Shelter,34.65
76561198030000465,960090,Bloons TD 6,31.28
76561198030000465,1046930,Dota Underlords,12.92
76561198030000465,440,Team Fortress 2,22.37
76561198030000465,570,Dota 2,12.98
76561198030002516,4000,Garry's Mod,105.33
76561198030002516,4500,S.T.A.L.K.E.R.: Shadow of Chernobyl,13.02
76561198030002516,13210,Unreal Tournament 3: Black Edition,11.10
76561198030002516,22300,Fallout 3,17.45
76561198030002516,12210,Grand Theft Auto IV: The Complete Edition,67.40
76561198030002516,22320,The Elder Scrolls III: Morrowind,16.95
76561198030002516,24720,Spore: Galactic Adventures,23.92
76561198030002516,550,Left 4 Dead 2,68.13
76561198030002516,12710,Overlord: Raising Hell,39.07
76561198030002516,12810,Overlord II,28.18
76561198030002516,39500,Gothic 3,22.88
76561198030002516,33930,Arma 2: Operation Arrowhead,246.10
76561198030002516,8930,Sid Meier's Civilization V,145.12
76561198030002516,39510,Gothic II: Gold Edition,36.97
76561198030002516,22490,Fallout: New Vegas RU,21.42
76561198030002516,105600,Terraria,69.63
76561198030002516,91310,Dead Island,55.77
76561198030002516,35450,Rising Storm/Red Orchestra 2 Multiplayer,14.57
76561198030002516,113200,The Binding of Isaac,31.87
76561198030002516,55230,Saints Row: The Third,49.77
76561198030002516,41070,Serious Sam 3: BFE,25.27
76561198030002516,105450,Age of Empires III (2007),17.83
76561198030002516,102500,Kingdoms of Amalur: Reckoning,29.53
76561198030002516,214170,Divine Divinity,31.13
76561198030002516,211420,DARK SOULS: Prepare To Die Edition,80.48
76561198030002516,730,Counter-Strike: Global Offensive,1042.28
76561198030002516,216890,Blood Bowl: Chaos Edition,16.92
76561198030002516,219740,Don't Starve,36.45
76561198030002516,322330,Don't Starve Together,31.92
76561198030002516,203140,Hitman: Absolution,25.67
76561198030002516,42910,Magicka,22.85
76561198030002516,224540,Ace of Spades,16.22
76561198030002516,99900,Spiral Knights,10.72
76561198030002516,109600,Neverwinter,71.53
76561198030002516,230410,Warframe,26.65
76561198030002516,238960,Path of Exile,66.77
76561198030002516,217750,Age of Conan: Unchained,15.38
76561198030002516,233630,Ascend: Hand of Kul,15.63
76561198030002516,72850,The Elder Scrolls V: Skyrim,69.43
76561198030002516,107410,Arma 3,141.03
76561198030002516,239350,Spelunky,12.53
76561198030002516,252490,Rust,17.33
76561198030002516,234670,NARUTO SHIPPUDEN: Ultimate Ninja STORM 3 Full Burst,13.12
76561198030002516,33770,Drakensang The River of Time,42.70
76561198030002516,108600,Project Zomboid,16.77
76561198030002516,219830,King Arthur's Gold,14.93
76561198030002516,211820,Starbound,99.30
76561198030002516,230230,Divinity: Original Sin (Classic),24.08
76561198030002516,373420,Divinity: Original Sin Enhanced Edition,32.88
76561198030002516,268500,XCOM 2,62.77
76561198030002516,222880,Insurgency,33.15
76561198030002516,213670,South Park: The Stick of Truth,19.03
76561198030002516,226840,Age of Wonders III,17.67
76561198030002516,236430,DARK SOULS II,43.87
76561198030002516,41050,Serious Sam Classic: The First Encounter,16.83
76561198030002516,289130,ENDLESS Legend,24.28
76561198030002516,240760,Wasteland 2,59.58
76561198030002516,9880,Champions Online,72.35
76561198030002516,206420,Saints Row IV,19.63
76561198030002516,288470,Fable Anniversary,12.80
76561198030002516,241260,Sherlock Holmes: Crimes and Punishments,11.57
76561198030002516,307690,Sleeping Dogs: Definitive Edition,20.78
76561198030002516,17570,"Pirates, Vikings, & Knights II",63.30
76561198030002516,333930,Dirty Bomb,48.15
76561198030002516,291650,Pillars of Eternity,77.72
76561198030002516,367500,Dragon's Dogma: Dark Arisen,40.18
76561198030002516,372000,Tree of Savior (English Ver.),16.92
76561198030002516,377160,Fallout 4,216.00
76561198030002516,413150,Stardew Valley,51.75
76561198030002516,438040,Shakes and Fidget,135.80
76561198030002516,475150,Titan Quest Anniversary Edition,10.93
76561198030002516,489830,The Elder Scrolls V: Skyrim Special Edition,78.12
76561198030002516,578080,PUBG: BATTLEGROUNDS,150.40
76561198030002516,306130,The Elder Scrolls Online,87.47
76561198030002516,671510,Desolate,12.03
76561198030002516,435150,Divinity: Original Sin 2,68.15
76561198030002516,38400,Fallout,21.33
76561198030002516,590380,Into the Breach,18.12
76561198030002516,892970,Valheim,12.38
76561198030002516,761890,Albion Online,11.65
76561198030002516,440,Team Fortress 2,340.00
76561198030002516,570,Dota 2,1833.98
76561198030003475,10,Counter-Strike,108.28
76561198030003475,240,Counter-Strike: Source,435.80
76561198030003475,4000,Garry's Mod,124.63
76561198030003475,12210,Grand Theft Auto IV: The Complete Edition,18.53
76561198030003475,10180,Call of Duty: Modern Warfare 2,26.93
76561198030003475,10190,Call of Duty: Modern Warfare 2 - Multiplayer,372.28
76561198030003475,8190,Just Cause 2,44.68
76561198030003475,42700,Call of Duty: Black Ops,27.80
76561198030003475,42710,Call of Duty: Black Ops - Multiplayer,27.95
76561198030003475,105600,Terraria,122.83
76561198030003475,91310,Dead Island,13.45
76561198030003475,42680,Call of Duty: Modern Warfare 3,17.62
76561198030003475,42690,Call of Duty: Modern Warfare 3 - Multiplayer,74.65
76561198030003475,730,Counter-Strike: Global Offensive,2569.30
76561198030003475,202970,Call of Duty: Black Ops II,12.45
76561198030003475,55230,Saints Row: The Third,18.13
76561198030003475,227300,Euro Truck Simulator 2,284.95
76561198030003475,17020,Global Agenda,52.77
76561198030003475,236390,War Thunder,108.93
76561198030003475,253710,theHunter Classic,11.90
76561198030003475,33930,Arma 2: Operation Arrowhead,10.72
76561198030003475,252490,Rust,762.87
76561198030003475,209160,Call of Duty: Ghosts,12.77
76561198030003475,221100,DayZ,97.00
76561198030003475,314160,Microsoft Flight Simulator X: Steam Edition,646.37
76561198030003475,271590,Grand Theft Auto V,400.27
76561198030003475,570,Dota 2,58.42
76561198030007095,240,Counter-Strike: Source,1262.70
76561198030007095,12210,Grand Theft Auto IV: The Complete Edition,27.80
76561198030007095,20920,The Witcher 2: Assassins of Kings Enhanced Edition,34.50
76561198030007095,730,Counter-Strike: Global Offensive,1068.43
76561198030007095,72850,The Elder Scrolls V: Skyrim,122.10
76561198030007095,220240,Far Cry 3,39.52
76561198030007095,201810,Wolfenstein: The New Order,16.35
76561198030007095,292030,The Witcher 3: Wild Hunt,287.12
76561198030007095,273350,Evolve Stage 2,11.87
76561198030007095,570,Dota 2,4543.33
76561198030002595,220,Half-Life 2,12.47
76561198030002595,500,Left 4 Dead,31.27
76561198030002595,42120,Lead and Gold - Gangs of the Wild West,17.63
76561198030002595,33930,Arma 2: Operation Arrowhead,64.08
76561198030002595,42700,Call of Duty: Black Ops,41.90
76561198030002595,42710,Call of Duty: Black Ops - Multiplayer,146.73
76561198030002595,91310,Dead Island,37.62
76561198030002595,42690,Call of Duty: Modern Warfare 3 - Multiplayer,73.53
76561198030002595,24240,PAYDAY: The Heist,25.33
76561198030002595,72850,The Elder Scrolls V: Skyrim,113.88
76561198030002595,55230,Saints Row: The Third,12.67
76561198030002595,226700,Infestation: Survivor Stories 2020,14.80
76561198030002595,113400,APB Reloaded,203.08
76561198030002595,236390,War Thunder,2139.17
76561198030002595,242760,The Forest,30.55
76561198030002595,219640,Chivalry: Medieval Warfare,20.47
76561198030002595,251570,7 Days to Die,11.23
76561198030002595,252490,Rust,643.02
76561198030002595,252950,Rocket League,950.70
76561198030002595,107410,Arma 3,264.80
76561198030002595,238430,Contagion,10.42
76561198030002595,221100,DayZ,50.17
76561198030002595,550,Left 4 Dead 2,34.27
76561198030002595,247730,Nether,13.42
76561198030002595,284160,BeamNG.drive,39.08
76561198030002595,301520,Robocraft,100.72
76561198030002595,232090,Killing Floor 2,169.17
76561198030002595,393380,Squad,11.25
76561198030002595,420290,Blackwake,10.67
76561198030002595,239140,Dying Light,21.93
76561198030002595,433850,Z1 Battle Royale,45.40
76561198030002595,275850,No Man's Sky,59.93
76561198030002595,504370,Battlerite,25.40
76561198030002595,489830,The Elder Scrolls V: Skyrim Special Edition,31.12
76561198030002595,555570,Infestation: The New Z,18.32
76561198030002595,578080,PUBG: BATTLEGROUNDS,138.95
76561198030002595,476620,Call of Duty: WWII - Multiplayer,30.88
76561198030002595,544920,Darwin Project,19.43
76561198030002595,823130,Totally Accurate Battlegrounds,179.35
76561198030002595,884660,CRSED,17.17
76561198030002595,892970,Valheim,85.65
76561198030002595,412020,Metro Exodus,11.98
76561198030002595,581320,Insurgency: Sandstorm,10.17
76561198030002595,440,Team Fortress 2,230.10
76561198030003291,227300,Euro Truck Simulator 2,11.57
76561198030003291,211500,RaceRoom Racing Experience ,21.78
76561198030003291,244210,Assetto Corsa,23.87
76561198030003291,255710,Cities: Skylines,13.37
76561198030003291,1046930,Dota Underlords,14.63
76561198030003291,836620,Black Desert (Retired),16.52
76561198030003291,570,Dota 2,5916.73
76561198030003291,250820,SteamVR,16.48
76561198030004061,4550,Titan Quest: Immortal Throne,55.18
76561198030004061,475150,Titan Quest Anniversary Edition,11.62
76561198030004061,409710,BioShock Remastered,16.18
76561198030004061,15310,The Settlers: Heritage of Kings,34.98
76561198030004061,15170,Heroes of Might & Magic V,48.52
76561198030004061,41000,Serious Sam HD: The First Encounter,18.55
76561198030004061,35140,Batman: Arkham Asylum GOTY Edition,10.08
76561198030004061,8980,Borderlands GOTY,63.27
76561198030004061,12100,Grand Theft Auto III,10.02
76561198030004061,39510,Gothic II: Gold Edition,47.13
76561198030004061,72850,The Elder Scrolls V: Skyrim,165.82
76561198030004061,204030,Fable - The Lost Chapters,10.98
76561198030004061,20920,The Witcher 2: Assassins of Kings Enhanced Edition,23.30
76561198030004061,200260,Batman: Arkham City GOTY,54.10
76561198030004061,217490,Borderlands 2 RU,132.22
76561198030004061,40950,Stronghold HD,24.57
76561198030004061,208480,Assassin's Creed III,34.25
76561198030004061,203160,Tomb Raider,15.78
76561198030004061,8870,BioShock Infinite,17.73
76561198030004061,204100,Max Payne 3,58.30
76561198030004061,220240,Far Cry 3,16.50
76561198030004061,217980,Dishonored RHCP,16.08
76561198030004061,242050,Assassin's Creed IV Black Flag,59.23
76561198030004061,209000,Batman: Arkham Origins,35.82
76561198030004061,261550,Mount & Blade II: Bannerlord,165.65
76561198030004061,239160,Thief,23.13
76561198030004061,288470,Fable Anniversary,21.77
76561198030004061,201810,Wolfenstein: The New Order,27.95
76561198030004061,297000,Heroes of Might & Magic III - HD Edition,72.62
76561198030004061,249230,Risen 3 - Titan Lords,40.27
76561198030004061,241930,Middle-earth: Shadow of Mordor,41.53
76561198030004061,298110,Far Cry 4,37.25
76561198030004061,261640,Borderlands: The Pre-Sequel,44.20
76561198030004061,292030,The Witcher 3: Wild Hunt,207.75
76561198030004061,225540,Just Cause 3,41.18
76561198030004061,411300,ELEX,130.90
76561198030004061,271590,Grand Theft Auto V,199.67
76561198030004061,208650,Batman: Arkham Knight,35.55
76561198030004061,391220,Rise of the Tomb Raider,25.57
76561198030004061,474960,Quantum Break,10.13
76561198030004061,403640,Dishonored 2,18.35
76561198030004061,489830,The Elder Scrolls V: Skyrim Special Edition,47.95
76561198030004061,594650,Hunt: Showdown,24.47
76561198030004061,356190,Middle-earth: Shadow of War,76.12
76561198030004061,612880,Wolfenstein II: The New Colossus,13.62
76561198030004061,379430,Kingdom Come: Deliverance,32.32
76561198030004061,552520,Far Cry 5,28.00
76561198030004061,1151640,Horizon Zero Dawn,64.88
76561198030003475,10,Counter-Strike,108.28
76561198030003475,240,Counter-Strike: Source,435.80
76561198030003475,4000,Garry's Mod,124.63
76561198030003475,12210,Grand Theft Auto IV: The Complete Edition,18.53
76561198030003475,10180,Call of Duty: Modern Warfare 2,26.93
76561198030003475,10190,Call of Duty: Modern Warfare 2 - Multiplayer,372.28
76561198030003475,8190,Just Cause 2,44.68
76561198030003475,42700,Call of Duty: Black Ops,27.80
76561198030003475,42710,Call of Duty: Black Ops - Multiplayer,27.95
76561198030003475,105600,Terraria,122.83
76561198030003475,91310,Dead Island,13.45
76561198030003475,42680,Call of Duty: Modern Warfare 3,17.62
76561198030003475,42690,Call of Duty: Modern Warfare 3 - Multiplayer,74.65
76561198030003475,730,Counter-Strike: Global Offensive,2569.30
76561198030003475,202970,Call of Duty: Black Ops II,12.45
76561198030003475,55230,Saints Row: The Third,18.13
76561198030003475,227300,Euro Truck Simulator 2,284.95
76561198030003475,17020,Global Agenda,52.77
76561198030003475,236390,War Thunder,108.93
76561198030003475,253710,theHunter Classic,11.90
76561198030003475,33930,Arma 2: Operation Arrowhead,10.72
76561198030003475,252490,Rust,762.87
76561198030003475,209160,Call of Duty: Ghosts,12.77
76561198030003475,221100,DayZ,97.00
76561198030003475,314160,Microsoft Flight Simulator X: Steam Edition,646.37
76561198030003475,271590,Grand Theft Auto V,400.27
76561198030003475,570,Dota 2,58.42
76561198030000401,220,Half-Life 2,12.32
76561198030000401,240,Counter-Strike: Source,207.72
76561198030000401,4000,Garry's Mod,29.53
76561198030000401,10180,Call of Duty: Modern Warfare 2,17.98
76561198030000401,10190,Call of Duty: Modern Warfare 2 - Multiplayer,283.90
76561198030000401,24960,Battlefield: Bad Company 2,19.07
76561198030000401,105600,Terraria,92.40
76561198030000401,113200,The Binding of Isaac,11.27
76561198030000401,212680,FTL: Faster Than Light,18.53
76561198030000401,43110,Metro 2033,11.42
76561198030000401,262060,Darkest Dungeon,41.62
76561198030000401,311690,Enter the Gungeon,80.93
76561198030000401,203160,Tomb Raider,15.37
76561198030000401,331470,Everlasting Summer,24.15
76561198030000401,730,Counter-Strike: Global Offensive,355.08
76561198030000401,373420,Divinity: Original Sin Enhanced Edition,92.32
76561198030000401,291550,Brawlhalla,15.13
76561198030000401,504230,Celeste,13.52
76561198030000401,504370,Battlerite,261.97
76561198030000401,588650,Dead Cells,16.15
76561198030000401,603960,Monolith,13.30
76561198030000401,646570,Slay the Spire,44.02
76561198030000401,218620,PAYDAY 2,35.20
76561198030000401,879160,Battlerite Royale,68.93
76561198030000401,570,Dota 2,3000.37
76561198030003291,227300,Euro Truck Simulator 2,11.57
76561198030003291,211500,RaceRoom Racing Experience ,21.78
76561198030003291,244210,Assetto Corsa,23.87
76561198030003291,255710,Cities: Skylines,13.37
76561198030003291,1046930,Dota Underlords,14.63
76561198030003291,836620,Black Desert (Retired),16.52
76561198030003291,570,Dota 2,5916.73
76561198030003291,250820,SteamVR,16.48
76561198030007711,578080,PUBG: BATTLEGROUNDS,1719.60
76561198030007711,570,Dota 2,2208.28
76561198030009565,218620,PAYDAY 2,8172.82
76561198030009565,304930,Unturned,1217.42
76561198030009565,863550,HITMAN 2,10.02
76561198030009565,304390,For Honor,13.13
76561198030009565,730,Counter-Strike: Global Offensive,11.12
76561198030009565,440,Team Fortress 2,842.33
76561198030009565,570,Dota 2,102.17
76561198030010616,730,Counter-Strike: Global Offensive,759.87
76561198030007711,578080,PUBG: BATTLEGROUNDS,1719.60
76561198030007711,570,Dota 2,2208.28
76561198030007095,240,Counter-Strike: Source,1262.70
76561198030007095,12210,Grand Theft Auto IV: The Complete Edition,27.80
76561198030007095,20920,The Witcher 2: Assassins of Kings Enhanced Edition,34.50
76561198030007095,730,Counter-Strike: Global Offensive,1068.43
76561198030007095,72850,The Elder Scrolls V: Skyrim,122.10
76561198030007095,220240,Far Cry 3,39.52
76561198030007095,201810,Wolfenstein: The New Order,16.35
76561198030007095,292030,The Witcher 3: Wild Hunt,287.12
76561198030007095,273350,Evolve Stage 2,11.87
76561198030007095,570,Dota 2,4543.33
76561198030004061,4550,Titan Quest: Immortal Throne,55.18
76561198030004061,475150,Titan Quest Anniversary Edition,11.62
76561198030004061,409710,BioShock Remastered,16.18
76561198030004061,15310,The Settlers: Heritage of Kings,34.98
76561198030004061,15170,Heroes of Might & Magic V,48.52
76561198030004061,41000,Serious Sam HD: The First Encounter,18.55
76561198030004061,35140,Batman: Arkham Asylum GOTY Edition,10.08
76561198030004061,8980,Borderlands GOTY,63.27
76561198030004061,12100,Grand Theft Auto III,10.02
76561198030004061,39510,Gothic II: Gold Edition,47.13
76561198030004061,72850,The Elder Scrolls V: Skyrim,165.82
76561198030004061,204030,Fable - The Lost Chapters,10.98
76561198030004061,20920,The Witcher 2: Assassins of Kings Enhanced Edition,23.30
76561198030004061,200260,Batman: Arkham City GOTY,54.10
76561198030004061,217490,Borderlands 2 RU,132.22
76561198030004061,40950,Stronghold HD,24.57
76561198030004061,208480,Assassin's Creed III,34.25
76561198030004061,203160,Tomb Raider,15.78
76561198030004061,8870,BioShock Infinite,17.73
76561198030004061,204100,Max Payne 3,58.30
76561198030004061,220240,Far Cry 3,16.50
76561198030004061,217980,Dishonored RHCP,16.08
76561198030004061,242050,Assassin's Creed IV Black Flag,59.23
76561198030004061,209000,Batman: Arkham Origins,35.82
76561198030004061,261550,Mount & Blade II: Bannerlord,165.65
76561198030004061,239160,Thief,23.13
76561198030004061,288470,Fable Anniversary,21.77
76561198030004061,201810,Wolfenstein: The New Order,27.95
76561198030004061,297000,Heroes of Might & Magic III - HD Edition,72.62
76561198030004061,249230,Risen 3 - Titan Lords,40.27
76561198030004061,241930,Middle-earth: Shadow of Mordor,41.53
76561198030004061,298110,Far Cry 4,37.25
76561198030004061,261640,Borderlands: The Pre-Sequel,44.20
76561198030004061,292030,The Witcher 3: Wild Hunt,207.75
76561198030004061,225540,Just Cause 3,41.18
76561198030004061,411300,ELEX,130.90
76561198030004061,271590,Grand Theft Auto V,199.67
76561198030004061,208650,Batman: Arkham Knight,35.55
76561198030004061,391220,Rise of the Tomb Raider,25.57
76561198030004061,474960,Quantum Break,10.13
76561198030004061,403640,Dishonored 2,18.35
76561198030004061,489830,The Elder Scrolls V: Skyrim Special Edition,47.95
76561198030004061,594650,Hunt: Showdown,24.47
76561198030004061,356190,Middle-earth: Shadow of War,76.12
76561198030004061,612880,Wolfenstein II: The New Colossus,13.62
76561198030004061,379430,Kingdom Come: Deliverance,32.32
76561198030004061,552520,Far Cry 5,28.00
76561198030004061,1151640,Horizon Zero Dawn,64.88
76561198030009726,10180,Call of Duty: Modern Warfare 2,31.40
76561198030009726,10190,Call of Duty: Modern Warfare 2 - Multiplayer,159.60
76561198030009726,42700,Call of Duty: Black Ops,24.60
76561198030009726,42710,Call of Duty: Black Ops - Multiplayer,39.37
76561198030009726,72850,The Elder Scrolls V: Skyrim,149.55
76561198030009726,219600,NBA 2K13,14.92
76561198030009726,216250,Dead Island Riptide,31.38
76561198030009726,304930,Unturned,12752.70
76561198030009726,304390,For Honor,13.10
76561198030009726,730,Counter-Strike: Global Offensive,14971.68
76561198030009726,440,Team Fortress 2,13719.47
76561198030009726,570,Dota 2,18402.90
76561198030010211,550,Left 4 Dead 2,16.15
76561198030010211,33900,Arma 2,25.45
76561198030010211,33930,Arma 2: Operation Arrowhead,115.80
76561198030010211,105600,Terraria,28.72
76561198030010211,49520,Borderlands 2,30.22
76561198030010211,240,Counter-Strike: Source,355.88
76561198030010211,730,Counter-Strike: Global Offensive,816.15
76561198030010211,8930,Sid Meier's Civilization V,61.25
76561198030010211,201790,Orcs Must Die! 2,13.02
76561198030010211,209870,Blacklight: Retribution,20.72
76561198030010211,242760,The Forest,38.67
76561198030010211,252490,Rust,27.78
76561198030010211,252950,Rocket League,3674.18
76561198030010211,107410,Arma 3,128.43
76561198030010211,261550,Mount & Blade II: Bannerlord,62.27
76561198030010211,433850,Z1 Battle Royale,30.65
76561198030010211,304050,Trove,68.85
76561198030010211,271590,Grand Theft Auto V,117.12
76561198030010211,363970,Clicker Heroes,108.92
76561198030010211,365160,Kona,14.35
76561198030010211,377160,Fallout 4,21.00
76561198030010211,427520,Factorio,13.40
76561198030010211,431240,Golf With Your Friends,14.50
76561198030010211,452780,RuneScape: Idle Adventures,36.70
76561198030010211,477160,Human: Fall Flat,24.53
76561198030010211,364360,Total War: WARHAMMER,13.87
76561198030010211,489940,BATTALION 1944,96.25
76561198030010211,513710,SCUM,10.83
76561198030010211,527230,For The King,35.72
76561198030010211,578080,PUBG: BATTLEGROUNDS,127.50
76561198030010211,356190,Middle-earth: Shadow of War,47.47
76561198030010211,629760,MORDHAU,31.57
76561198030010211,648800,Raft,12.47
76561198030010211,239140,Dying Light,17.97
76561198030010211,739630,Phasmophobia,27.40
76561198030010211,880940,Pummel Party,13.23
76561198030010211,905370,Conqueror's Blade,18.07
76561198030010211,1097150,Fall Guys: Ultimate Knockout,19.30
76561198030010211,1147690,NGU IDLE,46.28
76561198030010211,1522820,Orcs Must Die! 3,11.63
76561198030011775,24810,Command and Conquer 3: Kane's Wrath,10.13
76561198030011775,550,Left 4 Dead 2,13.12
76561198030011775,218620,PAYDAY 2,18.58
76561198030011775,251570,7 Days to Die,61.63
76561198030011775,253250,Stonehearth,24.38
76561198030011775,221100,DayZ,49.18
76561198030011775,211820,Starbound,10.87
76561198030011775,271590,Grand Theft Auto V,28.47
76561198030011775,108600,Project Zomboid,57.55
76561198030011775,323190,Frostpunk,18.32
76561198030011775,730,Counter-Strike: Global Offensive,76.62
76561198030011775,356040,Sheltered,25.93
76561198030011775,285920,TerraTech,56.00
76561198030011775,219740,Don't Starve,19.85
76561198030011775,322330,Don't Starve Together,27.80
76561198030011775,407130,Tank Mechanic Simulator,16.35
76561198030011775,413150,Stardew Valley,101.67
76561198030011775,239140,Dying Light,19.60
76561198030011775,431960,Wallpaper Engine,25.85
76561198030011775,433340,Slime Rancher,14.60
76561198030011775,107410,Arma 3,100.68
76561198030011775,365590,Tom Clancy's The Division,23.97
76561198030011775,457140,Oxygen Not Included,53.33
76561198030011775,467960,Home Behind,26.17
76561198030011775,359550,Tom Clancy's Rainbow Six Siege,10.87
76561198030011775,292030,The Witcher 3: Wild Hunt,93.70
76561198030011775,403640,Dishonored 2,24.77
76561198030011775,535930,Two Point Hospital,14.52
76561198030011775,548430,Deep Rock Galactic,34.82
76561198030011775,578080,PUBG: BATTLEGROUNDS,902.17
76561198030011775,594650,Hunt: Showdown,19.20
76561198030011775,632360,Risk of Rain 2,49.07
76561198030011775,666140,My Time At Portia,93.85
76561198030011775,686200,Door Kickers: Action Squad,22.98
76561198030011775,377160,Fallout 4,78.22
76561198030011775,704850,Thief Simulator,19.47
76561198030011775,785740,This Is the Police 2,28.80
76561198030011775,813780,Age of Empires II: Definitive Edition,20.82
76561198030011775,552520,Far Cry 5,81.67
76561198030011775,848450,Subnautica: Below Zero,67.77
76561198030011775,851800,G2 Fighter,14.23
76561198030011775,480490,Prey,13.78
76561198030011775,728880,Overcooked! 2,13.92
76561198030011775,582010,Monster Hunter: World,125.62
76561198030011775,947300,Grim Nights,10.02
76561198030011775,970960,Rebel Cops,20.32
76561198030011775,581320,Insurgency: Sandstorm,162.28
76561198030011775,1091500,Cyberpunk 2077,10.42
76561198030011775,1127400,Mindustry,16.98
76561198030011775,1174180,Red Dead Redemption 2,13.80
76561198030011775,1330470,F.I.S.T.: Forged In Shadow Torch,16.90
76561198030009565,218620,PAYDAY 2,8172.82
76561198030009565,304930,Unturned,1217.42
76561198030009565,863550,HITMAN 2,10.02
76561198030009565,304390,For Honor,13.13
76561198030009565,730,Counter-Strike: Global Offensive,11.12
76561198030009565,440,Team Fortress 2,842.33
76561198030009565,570,Dota 2,102.17
76561198030010211,550,Left 4 Dead 2,16.15
76561198030010211,33900,Arma 2,25.45
76561198030010211,33930,Arma 2: Operation Arrowhead,115.80
76561198030010211,105600,Terraria,28.72
76561198030010211,49520,Borderlands 2,30.22
76561198030010211,240,Counter-Strike: Source,355.88
76561198030010211,730,Counter-Strike: Global Offensive,816.15
76561198030010211,8930,Sid Meier's Civilization V,61.25
76561198030010211,201790,Orcs Must Die! 2,13.02
76561198030010211,209870,Blacklight: Retribution,20.72
76561198030010211,242760,The Forest,38.67
76561198030010211,252490,Rust,27.78
76561198030010211,252950,Rocket League,3674.18
76561198030010211,107410,Arma 3,128.43
76561198030010211,261550,Mount & Blade II: Bannerlord,62.27
76561198030010211,433850,Z1 Battle Royale,30.65
76561198030010211,304050,Trove,68.85
76561198030010211,271590,Grand Theft Auto V,117.12
76561198030010211,363970,Clicker Heroes,108.92
76561198030010211,365160,Kona,14.35
76561198030010211,377160,Fallout 4,21.00
76561198030010211,427520,Factorio,13.40
76561198030010211,431240,Golf With Your Friends,14.50
76561198030010211,452780,RuneScape: Idle Adventures,36.70
76561198030010211,477160,Human: Fall Flat,24.53
76561198030010211,364360,Total War: WARHAMMER,13.87
76561198030010211,489940,BATTALION 1944,96.25
76561198030010211,513710,SCUM,10.83
76561198030010211,527230,For The King,35.72
76561198030010211,578080,PUBG: BATTLEGROUNDS,127.50
76561198030010211,356190,Middle-earth: Shadow of War,47.47
76561198030010211,629760,MORDHAU,31.57
76561198030010211,648800,Raft,12.47
76561198030010211,239140,Dying Light,17.97
76561198030010211,739630,Phasmophobia,27.40
76561198030010211,880940,Pummel Party,13.23
76561198030010211,905370,Conqueror's Blade,18.07
76561198030010211,1097150,Fall Guys: Ultimate Knockout,19.30
76561198030010211,1147690,NGU IDLE,46.28
76561198030010211,1522820,Orcs Must Die! 3,11.63
76561198030009726,10180,Call of Duty: Modern Warfare 2,31.40
76561198030009726,10190,Call of Duty: Modern Warfare 2 - Multiplayer,159.60
76561198030009726,42700,Call of Duty: Black Ops,24.60
76561198030009726,42710,Call of Duty: Black Ops - Multiplayer,39.37
76561198030009726,72850,The Elder Scrolls V: Skyrim,149.55
76561198030009726,219600,NBA 2K13,14.92
76561198030009726,216250,Dead Island Riptide,31.38
76561198030009726,304930,Unturned,12752.70
76561198030009726,304390,For Honor,13.10
76561198030009726,730,Counter-Strike: Global Offensive,14971.68
76561198030009726,440,Team Fortress 2,13719.47
76561198030009726,570,Dota 2,18402.90
76561198030013391,4000,Garry's Mod,132.75
76561198030013391,15300,Tom Clancy's Ghost Recon,25.82
76561198030013391,24740,Burnout Paradise: The Ultimate Box,15.42
76561198030013391,10180,Call of Duty: Modern Warfare 2,16.25
76561198030013391,24960,Battlefield: Bad Company 2,18.52
76561198030013391,620,Portal 2,39.28
76561198030013391,33930,Arma 2: Operation Arrowhead,18.50
76561198030013391,105450,Age of Empires III (2007),28.42
76561198030013391,48700,Mount & Blade: Warband,172.72
76561198030013391,98800,Dungeons of Dredmor,19.52
76561198030013391,204360,Castle Crashers,14.75
76561198030013391,202990,Call of Duty: Black Ops II - Multiplayer,11.33
76561198030013391,236390,War Thunder,21.20
76561198030013391,203160,Tomb Raider,12.35
76561198030013391,72850,The Elder Scrolls V: Skyrim,81.13
76561198030013391,221680,Rocksmith 2014 Edition - Remastered,81.00
76561198030013391,222880,Insurgency,72.77
76561198030013391,312530,Duck Game,16.30
76561198030013391,317360,Double Action: Boogaloo,10.93
76561198030013391,730,Counter-Strike: Global Offensive,37.95
76561198030013391,335300,DARK SOULS II: Scholar of the First Sin,12.15
76561198030013391,250900,The Binding of Isaac: Rebirth,14.28
76561198030013391,344760,Reign Of Kings,28.43
76561198030013391,346110,ARK: Survival Evolved,29.35
76561198030013391,359550,Tom Clancy's Rainbow Six Siege,610.20
76561198030013391,367520,Hollow Knight,53.97
76561198030013391,292030,The Witcher 3: Wild Hunt,74.47
76561198030013391,381120,Shoppe Keep,30.30
76561198030013391,49520,Borderlands 2,90.88
76561198030013391,208650,Batman: Arkham Knight,72.17
76561198030013391,287700,METAL GEAR SOLID V: THE PHANTOM PAIN,132.20
76561198030013391,413150,Stardew Valley,87.87
76561198030013391,433340,Slime Rancher,17.27
76561198030013391,374320,DARK SOULS III,106.85
76561198030013391,107410,Arma 3,51.97
76561198030013391,275850,No Man's Sky,41.28
76561198030013391,377160,Fallout 4,67.20
76561198030013391,485510,Nioh: Complete Edition,22.15
76561198030013391,516750,My Summer Car,13.98
76561198030013391,489830,The Elder Scrolls V: Skyrim Special Edition,160.57
76561198030013391,252950,Rocket League,10.83
76561198030013391,418370,Resident Evil 7 Biohazard,19.83
76561198030013391,460920,Steep,21.08
76561198030013391,578080,PUBG: BATTLEGROUNDS,660.82
76561198030013391,582010,Monster Hunter: World,197.97
76561198030013391,460930,Tom Clancy's Ghost Recon Wildlands,83.30
76561198030013391,524220,NieR:Automata,55.68
76561198030013391,613100,House Flipper,24.72
76561198030013391,629760,MORDHAU,24.48
76561198030013391,666140,My Time At Portia,72.02
76561198030013391,736190,Chinese Parents,19.73
76561198030013391,774361,Blasphemous,34.73
76561198030013391,570940,DARK SOULS: REMASTERED,43.32
76561198030013391,883710,Resident Evil 2,13.03
76561198030013391,814380,Sekiro: Shadows Die Twice,15.28
76561198030013391,927380,Yakuza Kiwami 2,26.38
76561198030013391,581320,Insurgency: Sandstorm,15.10
76561198030013391,632360,Risk of Rain 2,26.03
76561198030013391,1080110,F1 2020,11.47
76561198030013391,1096570,SONG OF HORROR,15.63
76561198030013391,976730,Halo: The Master Chief Collection,10.75
76561198030013391,1149620,Gas Station Simulator,10.40
76561198030013391,440,Team Fortress 2,33.70
76561198030010616,730,Counter-Strike: Global Offensive,759.87
76561198030016911,220,Half-Life 2,43.18
76561198030016911,40800,Super Meat Boy,170.95
76561198030016911,42910,Magicka,11.93
76561198030016911,207610,The Walking Dead,16.58
76561198030016911,730,Counter-Strike: Global Offensive,2454.98
76561198030016911,205930,Hitman: Sniper Challenge,10.45
76561198030016911,203160,Tomb Raider,12.58
76561198030016911,221380,Age of Empires II (2013),30.55
76561198030016911,252950,Rocket League,70.77
76561198030016911,261030,The Walking Dead: Season Two,24.12
76561198030016911,262900,Smooth Operators,24.27
76561198030016911,235460,METAL GEAR RISING: REVENGEANCE,23.87
76561198030016911,271590,Grand Theft Auto V,46.73
76561198030016911,201810,Wolfenstein: The New Order,205.40
76561198030016911,297000,Heroes of Might & Magic III - HD Edition,89.97
76561198030016911,236850,Europa Universalis IV,757.40
76561198030016911,276810,Mordheim: City of the Damned,197.18
76561198030016911,394510,HELLDIVERS,124.22
76561198030016911,210970,The Witness,18.15
76561198030016911,268500,XCOM 2,70.40
76561198030016911,364360,Total War: WARHAMMER,54.52
76561198030016911,536220,The Walking Dead: A New Frontier,15.32
76561198030016911,594570,Total War: WARHAMMER II,30.65
76561198030016911,859580,Imperator: Rome,23.72
76561198030016911,882100,XCOM: Chimera Squad,177.57
76561198030016911,1097150,Fall Guys: Ultimate Knockout,25.65
76561198030016911,1174180,Red Dead Redemption 2,211.48
76561198030016911,1290220,Elasto Mania,48.40
76561198030014061,10,Counter-Strike,44.93
76561198030014061,24960,Battlefield: Bad Company 2,78.42
76561198030014061,4540,Titan Quest,12.92
76561198030014061,475150,Titan Quest Anniversary Edition,29.28
76561198030014061,620,Portal 2,27.17
76561198030014061,207610,The Walking Dead,13.08
76561198030014061,227300,Euro Truck Simulator 2,18.20
76561198030014061,252490,Rust,93.43
76561198030014061,301520,Robocraft,79.42
76561198030014061,304930,Unturned,59.37
76561198030014061,346900,AdVenture Capitalist,43.02
76561198030014061,374900,Agatha Christie - The ABC Murders,30.63
76561198030014061,489520,Minion Masters,983.93
76561198030014061,386180,Crossout,34.17
76561198030014061,815370,Green Hell,14.92
76561198030014061,730,Counter-Strike: Global Offensive,115.63
76561198030014061,570,Dota 2,1086.70
76561198030016161,35140,Batman: Arkham Asylum GOTY Edition,13.95
76561198030016161,238960,Path of Exile,54.30
76561198030016161,374320,DARK SOULS III,109.77
76561198030016161,578080,PUBG: BATTLEGROUNDS,11.57
76561198030016161,646570,Slay the Spire,19.92
76561198030016161,812140,Assassin's Creed Odyssey,106.48
76561198030016161,1085660,Destiny 2,577.50
76561198030016911,220,Half-Life 2,43.18
76561198030016911,40800,Super Meat Boy,170.95
76561198030016911,42910,Magicka,11.93
76561198030016911,207610,The Walking Dead,16.58
76561198030016911,730,Counter-Strike: Global Offensive,2454.98
76561198030016911,205930,Hitman: Sniper Challenge,10.45
76561198030016911,203160,Tomb Raider,12.58
76561198030016911,221380,Age of Empires II (2013),30.55
76561198030016911,252950,Rocket League,70.77
76561198030016911,261030,The Walking Dead: Season Two,24.12
76561198030016911,262900,Smooth Operators,24.27
76561198030016911,235460,METAL GEAR RISING: REVENGEANCE,23.87
76561198030016911,271590,Grand Theft Auto V,46.73
76561198030016911,201810,Wolfenstein: The New Order,205.40
76561198030016911,297000,Heroes of Might & Magic III - HD Edition,89.97
76561198030016911,236850,Europa Universalis IV,757.40
76561198030016911,276810,Mordheim: City of the Damned,197.18
76561198030016911,394510,HELLDIVERS,124.22
76561198030016911,210970,The Witness,18.15
76561198030016911,268500,XCOM 2,70.40
76561198030016911,364360,Total War: WARHAMMER,54.52
76561198030016911,536220,The Walking Dead: A New Frontier,15.32
76561198030016911,594570,Total War: WARHAMMER II,30.65
76561198030016911,859580,Imperator: Rome,23.72
76561198030016911,882100,XCOM: Chimera Squad,177.57
76561198030016911,1097150,Fall Guys: Ultimate Knockout,25.65
76561198030016911,1174180,Red Dead Redemption 2,211.48
76561198030016911,1290220,Elasto Mania,48.40
76561198030023711,10,Counter-Strike,692.90
76561198030023711,335240,Transformice,28.27
76561198030023711,730,Counter-Strike: Global Offensive,46.88
76561198030023711,570,Dota 2,10.70
76561198030025011,10,Counter-Strike,17.88
76561198030025011,80,Counter-Strike: Condition Zero,32.55
76561198030025011,65800,Dungeon Defenders,36.50
76561198030025011,730,Counter-Strike: Global Offensive,116.72
76561198030025011,976310,Mortal Kombat 11,19.73
76561198030025011,440,Team Fortress 2,124.25
76561198030025011,570,Dota 2,10.55
76561198030026711,32370,STAR WARS: Knights of the Old Republic,52.50
76561198030026711,41500,Torchlight,16.30
76561198030026711,208580,STAR WARS Knights of the Old Republic II: The Sith Lords,25.68
76561198030026711,200710,Torchlight II,16.43
76561198030026711,17460,Mass Effect (2007),32.72
76561198030026711,24980,Mass Effect 2 (2010),30.00
76561198030026711,49520,Borderlands 2,16.75
76561198030026711,39210,FINAL FANTASY XIV Online,472.45
76561198030026711,287390,Metro: Last Light Redux,11.23
76561198030026711,287700,METAL GEAR SOLID V: THE PHANTOM PAIN,16.83
76561198030026711,292030,The Witcher 3: Wild Hunt,148.72
76561198030026711,377160,Fallout 4,15.78
76561198030026711,379720,DOOM,36.28
76561198030026711,489830,The Elder Scrolls V: Skyrim Special Edition,411.82
76561198030026711,578080,PUBG: BATTLEGROUNDS,150.47
76561198030026711,606150,Moonlighter,17.98
76561198030026711,620980,Beat Saber,21.02
76561198030026711,629760,MORDHAU,44.12
76561198030026711,520440,GUILTY GEAR Xrd -REVELATOR-,14.70
76561198030026711,582660,Black Desert,16.13
76561198030026711,646570,Slay the Spire,42.43
76561198030026711,473690,Absolver,13.55
76561198030026711,684200,Icons: Legacy Edition,10.03
76561198030026711,692850,Bloodstained: Ritual of the Night,17.73
76561198030026711,435150,Divinity: Original Sin 2,10.20
76561198030026711,737010,Warhammer: Vermintide 2 Closed Test,10.13
76561198030026711,739630,Phasmophobia,17.42
76561198030026711,780290,Gloomhaven,10.38
76561198030026711,552500,Warhammer: Vermintide 2,36.27
76561198030026711,870780,Control Ultimate Edition,24.53
76561198030026711,582010,Monster Hunter: World,980.98
76561198030026711,702890,BlazBlue Cross Tag Battle,22.30
76561198030026711,814380,Sekiro: Shadows Die Twice,17.05
76561198030026711,945360,Among Us,16.08
76561198030026711,960690,One Step From Eden,15.38
76561198030026711,421650,Breach,28.38
76561198030026711,524220,NieR:Automata,38.03
76561198030026711,1085660,Destiny 2,55.72
76561198030026711,782330,DOOM Eternal,36.87
76561198030026711,976730,Halo: The Master Chief Collection,75.35
76561198030026711,678960,CODE VEIN,37.20
76561198030026711,1145360,Hades,10.60
76561198030026711,1217060,Gunfire Reborn,105.40
76561198030026711,1222730,STAR WARS: Squadrons,27.35
76561198030026711,1090630,Granblue Fantasy: Versus,57.88
76561198030026711,1286830,STAR WARS: The Old Republic,57.40
76561198030026711,1328670,Mass Effect Legendary Edition,105.65
76561198030026711,1372280,MELTY BLOOD: TYPE LUMINA,15.60
76561198030026711,1384160,GUILTY GEAR -STRIVE-,117.50
76561198030026711,250820,SteamVR,170.63
76561198030023711,10,Counter-Strike,692.90
76561198030023711,335240,Transformice,28.27
76561198030023711,730,Counter-Strike: Global Offensive,46.88
76561198030023711,570,Dota 2,10.70
76561198030025311,4760,Rome: Total War,21.60
76561198030025311,8500,EVE Online,92.22
76561198030025311,17390,Spore,11.75
76561198030025311,17450,Dragon Age: Origins,30.18
76561198030025311,550,Left 4 Dead 2,36.93
76561198030025311,15620,"Warhammer 40,000: Dawn of War II",63.30
76561198030025311,20570,"Warhammer 40,000: Dawn of War II - Chaos Rising",30.30
76561198030025311,56400,"Warhammer 40,000: Dawn of War II - Retribution",180.35
76561198030025311,55150,"Warhammer 40,000: Space Marine - Anniversary Edition",11.08
76561198030025311,72850,The Elder Scrolls V: Skyrim,68.77
76561198030025311,115320,PROTOTYPE 2,10.28
76561198030025311,50620,Darksiders,19.87
76561198030025311,50650,Darksiders II,30.63
76561198030025311,55230,Saints Row: The Third,14.25
76561198030025311,218230,PlanetSide 2,72.10
76561198030025311,230410,Warframe,452.18
76561198030025311,236390,War Thunder,37.82
76561198030025311,242760,The Forest,60.83
76561198030025311,218620,PAYDAY 2,11.48
76561198030025311,222880,Insurgency,36.45
76561198030025311,4580,"Warhammer 40,000: Dawn of War - Dark Crusade",14.53
76561198030025311,9450,"Warhammer 40,000: Dawn of War - Soulstorm",18.27
76561198030025311,252490,Rust,105.90
76561198030025311,252950,Rocket League,18.13
76561198030025311,107410,Arma 3,43.10
76561198030025311,242050,Assassin's Creed IV Black Flag,34.73
76561198030025311,264710,Subnautica,13.17
76561198030025311,268850,EVGA Precision X1,218.07
76561198030025311,271590,Grand Theft Auto V,17.20
76561198030025311,244850,Space Engineers,29.77
76561198030025311,246620,Plague Inc: Evolved,10.75
76561198030025311,304050,Trove,17.37
76561198030025311,272510,NARUTO SHIPPUDEN: Ultimate Ninja STORM Revolution,15.18
76561198030025311,241930,Middle-earth: Shadow of Mordor,25.37
76561198030025311,730,Counter-Strike: Global Offensive,501.00
76561198030025311,273350,Evolve Stage 2,43.25
76561198030025311,346110,ARK: Survival Evolved,21.27
76561198030025311,235540,Warhammer: End Times - Vermintide,51.60
76561198030025311,232090,Killing Floor 2,15.75
76561198030025311,292030,The Witcher 3: Wild Hunt,85.33
76561198030025311,374320,DARK SOULS III,16.27
76561198030025311,375230,"Warhammer 40,000: Eternal Crusade",67.03
76561198030025311,376210,The Isle,34.27
76561198030025311,291550,Brawlhalla,50.47
76561198030025311,4700,Total War: MEDIEVAL II - Definitive Edition,24.88
76561198030025311,402710,Osiris: New Dawn,29.22
76561198030025311,403190,Planetbase,11.07
76561198030025311,239140,Dying Light,11.17
76561198030025311,268500,XCOM 2,16.98
76561198030025311,365590,Tom Clancy's The Division,41.12
76561198030025311,364360,Total War: WARHAMMER,138.45
76561198030025311,275850,No Man's Sky,32.05
76561198030025311,493520,GTFO,16.23
76561198030025311,578080,PUBG: BATTLEGROUNDS,55.98
76561198030025311,582010,Monster Hunter: World,226.85
76561198030025311,212740,TERA,16.28
76561198030025311,304390,For Honor,76.92
76561198030025311,460930,Tom Clancy's Ghost Recon Wildlands,62.58
76561198030025311,594570,Total War: WARHAMMER II,190.70
76561198030025311,356190,Middle-earth: Shadow of War,30.47
76561198030025311,311210,Call of Duty: Black Ops III,31.23
76561198030025311,435150,Divinity: Original Sin 2,16.33
76561198030025311,582160,Assassin's Creed Origins,30.40
76561198030025311,552500,Warhammer: Vermintide 2,53.27
76561198030025311,648350,Jurassic World Evolution,21.40
76561198030025311,552520,Far Cry 5,14.95
76561198030025311,892970,Valheim,40.78
76561198030025311,812140,Assassin's Creed Odyssey,56.68
76561198030025311,945360,Among Us,10.90
76561198030025311,581320,Insurgency: Sandstorm,14.10
76561198030025311,976730,Halo: The Master Chief Collection,35.55
76561198030025311,617290,Remnant: From the Ashes,63.90
76561198030025311,1063730,New World,78.15
76561198030025311,1237970,Titanfall 2,12.30
76561198030025311,1286830,STAR WARS: The Old Republic,10.13
76561198030025311,4760,Rome: Total War,21.60
76561198030025311,8500,EVE Online,92.22
76561198030025311,17390,Spore,11.75
76561198030025311,17450,Dragon Age: Origins,30.18
76561198030025311,550,Left 4 Dead 2,36.93
76561198030025311,15620,"Warhammer 40,000: Dawn of War II",63.30
76561198030025311,20570,"Warhammer 40,000: Dawn of War II - Chaos Rising",30.30
76561198030025311,56400,"Warhammer 40,000: Dawn of War II - Retribution",180.35
76561198030025311,55150,"Warhammer 40,000: Space Marine - Anniversary Edition",11.08
76561198030025311,72850,The Elder Scrolls V: Skyrim,68.77
76561198030025311,115320,PROTOTYPE 2,10.28
76561198030025311,50620,Darksiders,19.87
76561198030025311,50650,Darksiders II,30.63
76561198030025311,55230,Saints Row: The Third,14.25
76561198030025311,218230,PlanetSide 2,72.10
76561198030025311,230410,Warframe,452.18
76561198030025311,236390,War Thunder,37.82
76561198030025311,242760,The Forest,60.83
76561198030025311,218620,PAYDAY 2,11.48
76561198030025311,222880,Insurgency,36.45
76561198030025311,4580,"Warhammer 40,000: Dawn of War - Dark Crusade",14.53
76561198030025311,9450,"Warhammer 40,000: Dawn of War - Soulstorm",18.27
76561198030025311,252490,Rust,105.90
76561198030025311,252950,Rocket League,18.13
76561198030025311,107410,Arma 3,43.10
76561198030025311,242050,Assassin's Creed IV Black Flag,34.73
76561198030025311,264710,Subnautica,13.17
76561198030025311,268850,EVGA Precision X1,218.07
76561198030025311,271590,Grand Theft Auto V,17.20
76561198030025311,244850,Space Engineers,29.77
76561198030025311,246620,Plague Inc: Evolved,10.75
76561198030025311,304050,Trove,17.37
76561198030025311,272510,NARUTO SHIPPUDEN: Ultimate Ninja STORM Revolution,15.18
76561198030025311,241930,Middle-earth: Shadow of Mordor,25.37
76561198030025311,730,Counter-Strike: Global Offensive,501.00
76561198030025311,273350,Evolve Stage 2,43.25
76561198030025311,346110,ARK: Survival Evolved,21.27
76561198030025311,235540,Warhammer: End Times - Vermintide,51.60
76561198030025311,232090,Killing Floor 2,15.75
76561198030025311,292030,The Witcher 3: Wild Hunt,85.33
76561198030025311,374320,DARK SOULS III,16.27
76561198030025311,375230,"Warhammer 40,000: Eternal Crusade",67.03
76561198030025311,376210,The Isle,34.27
76561198030025311,291550,Brawlhalla,50.47
76561198030025311,4700,Total War: MEDIEVAL II - Definitive Edition,24.88
76561198030025311,402710,Osiris: New Dawn,29.22
76561198030025311,403190,Planetbase,11.07
76561198030025311,239140,Dying Light,11.17
76561198030025311,268500,XCOM 2,16.98
76561198030025311,365590,Tom Clancy's The Division,41.12
76561198030025311,364360,Total War: WARHAMMER,138.45
76561198030025311,275850,No Man's Sky,32.05
76561198030025311,493520,GTFO,16.23
76561198030025311,578080,PUBG: BATTLEGROUNDS,55.98
76561198030025311,582010,Monster Hunter: World,226.85
76561198030025311,212740,TERA,16.28
76561198030025311,304390,For Honor,76.92
76561198030025311,460930,Tom Clancy's Ghost Recon Wildlands,62.58
76561198030025311,594570,Total War: WARHAMMER II,190.70
76561198030025311,356190,Middle-earth: Shadow of War,30.47
76561198030025311,311210,Call of Duty: Black Ops III,31.23
76561198030025311,435150,Divinity: Original Sin 2,16.33
76561198030025311,582160,Assassin's Creed Origins,30.40
76561198030025311,552500,Warhammer: Vermintide 2,53.27
76561198030025311,648350,Jurassic World Evolution,21.40
76561198030025311,552520,Far Cry 5,14.95
76561198030025311,892970,Valheim,40.78
76561198030025311,812140,Assassin's Creed Odyssey,56.68
76561198030025311,945360,Among Us,10.90
76561198030025311,581320,Insurgency: Sandstorm,14.10
76561198030025311,976730,Halo: The Master Chief Collection,35.55
76561198030025311,617290,Remnant: From the Ashes,63.90
76561198030025311,1063730,New World,78.15
76561198030025311,1237970,Titanfall 2,12.30
76561198030025311,1286830,STAR WARS: The Old Republic,10.13
76561198030026711,32370,STAR WARS: Knights of the Old Republic,52.50
76561198030026711,41500,Torchlight,16.30
76561198030026711,208580,STAR WARS Knights of the Old Republic II: The Sith Lords,25.68
76561198030026711,200710,Torchlight II,16.43
76561198030026711,17460,Mass Effect (2007),32.72
76561198030026711,24980,Mass Effect 2 (2010),30.00
76561198030026711,49520,Borderlands 2,16.75
76561198030026711,39210,FINAL FANTASY XIV Online,472.45
76561198030026711,287390,Metro: Last Light Redux,11.23
76561198030026711,287700,METAL GEAR SOLID V: THE PHANTOM PAIN,16.83
76561198030026711,292030,The Witcher 3: Wild Hunt,148.72
76561198030026711,377160,Fallout 4,15.78
76561198030026711,379720,DOOM,36.28
76561198030026711,489830,The Elder Scrolls V: Skyrim Special Edition,411.82
76561198030026711,578080,PUBG: BATTLEGROUNDS,150.47
76561198030026711,606150,Moonlighter,17.98
76561198030026711,620980,Beat Saber,21.02
76561198030026711,629760,MORDHAU,44.12
76561198030026711,520440,GUILTY GEAR Xrd -REVELATOR-,14.70
76561198030026711,582660,Black Desert,16.13
76561198030026711,646570,Slay the Spire,42.43
76561198030026711,473690,Absolver,13.55
76561198030026711,684200,Icons: Legacy Edition,10.03
76561198030026711,692850,Bloodstained: Ritual of the Night,17.73
76561198030026711,435150,Divinity: Original Sin 2,10.20
76561198030026711,737010,Warhammer: Vermintide 2 Closed Test,10.13
76561198030026711,739630,Phasmophobia,17.42
76561198030026711,780290,Gloomhaven,10.38
76561198030026711,552500,Warhammer: Vermintide 2,36.27
76561198030026711,870780,Control Ultimate Edition,24.53
76561198030026711,582010,Monster Hunter: World,980.98
76561198030026711,702890,BlazBlue Cross Tag Battle,22.30
76561198030026711,814380,Sekiro: Shadows Die Twice,17.05
76561198030026711,945360,Among Us,16.08
76561198030026711,960690,One Step From Eden,15.38
76561198030026711,421650,Breach,28.38
76561198030026711,524220,NieR:Automata,38.03
76561198030026711,1085660,Destiny 2,55.72
76561198030026711,782330,DOOM Eternal,36.87
76561198030026711,976730,Halo: The Master Chief Collection,75.35
76561198030026711,678960,CODE VEIN,37.20
76561198030026711,1145360,Hades,10.60
76561198030026711,1217060,Gunfire Reborn,105.40
76561198030026711,1222730,STAR WARS: Squadrons,27.35
76561198030026711,1090630,Granblue Fantasy: Versus,57.88
76561198030026711,1286830,STAR WARS: The Old Republic,57.40
76561198030026711,1328670,Mass Effect Legendary Edition,105.65
76561198030026711,1372280,MELTY BLOOD: TYPE LUMINA,15.60
76561198030026711,1384160,GUILTY GEAR -STRIVE-,117.50
76561198030026711,250820,SteamVR,170.63
76561198030031011,397900,Business Tour - Online Multiplayer Board Game,17.08
76561198030031011,578080,PUBG: BATTLEGROUNDS,17.92
76561198030031011,613100,House Flipper,17.78
76561198030031011,466240,Deceit,83.17
76561198030031011,252490,Rust,12.27
76561198030031011,433850,Z1 Battle Royale,213.03
76561198030031011,730,Counter-Strike: Global Offensive,1333.17
76561198030031011,1097150,Fall Guys: Ultimate Knockout,78.37
76561198030031011,1506830,FIFA 22,51.35
